<?xml version="1.0" encoding="UTF-8"?>


<configuration>
 
	<!--  <appender name="CRUNCHIFYOUT" class="ch.qos.logback.core.ConsoleAppender">
		<layout class="ch.qos.logback.classic.PatternLayout">
			<Pattern>%d{HH:mm:ss.SSS} [%thread] %-5level %logger{36}
				%X{sourceThread} - %msg%n</Pattern>
		</layout>
	</appender>-->
 
	<appender name="CRUNCHIFYFILE" class="ch.qos.logback.core.FileAppender">
		<file>E:\MY New Project File With Session/logfiles/crunchify.log</file>
 
		<encoder>
			<pattern>%date %level [%thread] %logger{10} [%file:%line] %msg%n</pattern>
		</encoder>
	</appender>
 
	<appender name="CRUNCHIFYROLLING" class="ch.qos.logback.core.rolling.RollingFileAppender">
		<file>E:\MY New Project File With Session/logfiles/crunchify-rolling.log</file>
 
		<encoder class="ch.qos.logback.classic.encoder.PatternLayoutEncoder">
			<Pattern>
				%d{yyyy-MM-dd HH:mm:ss} [%thread] %level %logger{35} - %msg%n
			</Pattern>
		</encoder>
 
		<rollingPolicy class="ch.qos.logback.core.rolling.TimeBasedRollingPolicy">
			<!-- We are rolling over daily -->
			<fileNamePattern>crunchify.log.timeroll.%d{yyyy-MM-dd}.log</fileNamePattern>
 
			<!-- keep 10 days' worth of history capped at 1GB total size -->
			<maxHistory>10</maxHistory>
			<totalSizeCap>1GB</totalSizeCap>
 
		</rollingPolicy>
	</appender>
 
	<!-- default is DEBUG -->
	<root level="DEBUG">
		<!--  <appender-ref ref="CRUNCHIFYOUT" /> -->
		<appender-ref ref="CRUNCHIFYFILE" />
		<appender-ref ref="CRUNCHIFYROLLING" />
	</root>
 
</configuration>